Link,Item,Description
https://www.cnn.com/business/live-news/fox-news-dominion-trial-04-18-23/index.html,"Some on-air claims about Dominion Voting Systems were false, Fox News acknowledges in statement after deal is announced",
https://www.cnn.com/business/live-news/fox-news-dominion-trial-04-18-23/h_8d51e3ae2714edaa0dace837305d03b8,Dominion still has pending lawsuits against election deniers such as Rudy Giuliani and Sidney Powell,
https://www.cnn.com/2023/04/17/media/dominion-fox-news-allegations/index.html,Here are the 20 specific Fox broadcasts and tweets Dominion says were defamatory,"‚Ä¢ Fox-Dominion trial delay 'is not unusual,' judge says
‚Ä¢ Fox News' defamation battle isn't stopping Trump's election lies"
https://www.cnn.com/2023/04/18/media/fox-dominion-settlement/index.html,Judge in Fox News-Dominion defamation trial: 'The parties have resolved their case',The judge just announced in court that a settlement has been reached in the historic defamation case between Fox News and Dominion Voting Systems.
https://www.cnn.com/videos/politics/2023/04/18/jake-tapper-dominion-lawsuit-settlement-fox-news-statement-lead-vpx.cnn,'Difficult to say with a straight face': Tapper reacts to Fox News' statement on settlement,"A settlement has been reached in Dominion Voting Systems' defamation case against Fox News, the judge for the case announced. The network will pay more than $787 million to Dominion, a lawyer for the company said."
https://www.cnn.com/2023/04/18/politics/mccarthy-biden-debt-ceiling/index.html,Millions in the US could face massive consequences unless McCarthy can navigate out of a debt trap he set for Biden,"‚Ä¢ DeSantis goes to Washington, a place he once despised, looking for support to take on Trump
‚Ä¢ Opinion: For the GOP to win, it must ditch Trump
‚Ä¢ Chris Christie mulling 2024 White House bid
‚Ä¢ Analysis: The fire next time has begun burning in Tennessee"
https://www.cnn.com/2023/04/18/us/kansas-city-ralph-yarl-shooting-tuesday/index.html,White homeowner accused of shooting a Black teen who rang his doorbell turns himself in to face criminal charges,"‚Ä¢ 'A major part of Ralph died': Aunt of teen shot after ringing wrong doorbell speaks
‚Ä¢ 20-year-old woman shot after friend turned into the wrong driveway in upstate New York, officials say"
https://www.cnn.com/videos/us/2023/04/18/jeremy-renner-snowplow-accident-bodycam-nc-melas-contd-vpx.cnn,Newly released video shows scene of Jeremy Renner's snowplow accident,"Newly released body camera footage shows firefighters and sheriff's deputies rushing to help actor Jeremy Renner after a near-fatal snowplow accident in January. The ""Avengers"" actor broke more than 30 bones and suffered other severe injuries. CNN's Chloe Melas has more."
https://www.cnn.com/2023/04/18/entertainment/jake-gyllenhaal-jamie-lee-curtis-pandemic-living/index.html,Jake Gyllenhaal and Jamie Lee Curtis spent the Covid-19 lockdown together,It's sourdough bread and handstands for Jake Gyllenhaal and Jamie Lee Curtis.
https://www.cnn.com/2023/04/18/politics/white-house-toddler/index.html,"Toddler crawls through White House fence, prompts Secret Service response","A tiny intruder infiltrated White House grounds Tuesday, prompting a swift response from the US Secret Service."
https://www.cnn.com/2023/04/17/entertainment/jamie-foxx-remains-hospitalized/index.html,Jamie Foxx remains hospitalized nearly a week after 'medical complication',"Jamie Foxx remains hospitalized in Georgia nearly a week after his daughter revealed the actor experienced a ""medical complication,"" a source with knowledge of the matter told CNN on Monday."
https://www.cnn.com/2023/04/18/us/benadryl-tiktok-challenge-teen-death-wellness/index.html,A 13-year-old dies after participating in a Benadryl TikTok 'challenge',"A 13-year-old in Ohio has died after ""he took a bunch of Benadryl,"" trying a dangerous TikTok challenge that's circulating online, according to a CNN affiliate and a GoFundMe account from his family."
https://www.cnn.com/videos/us/2023/04/18/pizza-guy-trips-perp-moos-cprog-orig-bdk.cnn,See pizza delivery guy take out suspect fleeing police,"Pizza guy delivers more than a pie, taking out a fleeing suspect. CNN's Jeanne Moos shows him putting his best foot forward."
https://www.cnn.com/2023/04/18/media/netflix-dvd-red-envelopes/index.html,Netflix is winding down its DVD business after 25 years,Netflix is officially winding down the business that helped make it a household name.
https://www.cnn.com/2023/04/18/tech/lina-khan-ai-warning/index.html,FTC chair Lina Khan warns AI could 'turbocharge' fraud and scams,"Artificial intelligence tools such as ChatGPT could lead to a ""turbocharging"" of consumer harms including fraud and scams, and the US government has substantial authority to crack down on AI-driven consumer harms under existing law, members of the Federal Trade Commission said Tuesday."
https://www.cnn.com/2023/04/17/health/rise-type-2-diabetes-global-wellness/index.html,"Eating too much of these foods is driving the rise in type 2 diabetes, study says","Gobbling up too many refined wheat and rice products, along with eating too few whole grains, is fueling the growth of new cases of type 2 diabetes worldwide, according to a new study that models data through 2018."
https://www.cnn.com/2023/04/18/health/teen-misuse-adhd-meds-wellness/index.html,ADHD medication abuse in schools is a 'wake-up call',"At some middle and high schools in the United States, 1 in 4 teens report they've abused prescription stimulants for attention deficit hyperactivity disorder during the year prior, a new study found."
https://www.cnn.com/videos/tech/2023/04/18/apple-store-mumbai-india-ceo-tim-cook-vedika-sud-ovn-biz-ldn-vpx.cnn,Apple CEO was presented with an original Macintosh. See his reaction,CEO Tim Cook personally welcomed customers to the new Apple store in Mumbai as the tech company opens its first retail stores in India. CNN's Vedika Sud reports.
https://www.cnn.com/2023/04/18/politics/clarence-thomas-ethics-democrats/index.html,Democrats bash Justice Clarence Thomas but their plan to investigate ethics allegations is unclear,"Senate Democrats railed against Justice Clarence Thomas on Tuesday amid reports that the Supreme Court conservative failed to disclose luxury travel, gifts and a real estate transaction involving a GOP megadonor, but their plan to investigate the conservative jurist remains unclear."
https://www.cnn.com/europe/live-news/russia-ukraine-war-news-04-18-23/index.html,"Russia is 'going backwards' in equipment and deploying post WWII-era tanks, according to Western officials","‚Ä¢ Jailed Wall Street Journal reporter Evan Gershkovich denied detention appeal in Moscow
‚Ä¢ Putin visits Russian troops at military headquarters in Kherson
‚Ä¢ Watch moment WSJ journalist appears in Russian court"
https://www.cnn.com/2023/04/17/europe/wagner-commanders-russia-kill-children-intl-hnk/index.html,Two Russians claiming to be former Wagner commanders admit killing children and civilians in Ukraine,Two Russian men who claim to be former Wagner Group commanders have told a human rights activist that they killed children and civilians during their time in Ukraine.
https://www.cnn.com/videos/business/2023/04/18/desantis-disney-competition-panel-reax-pt-vpx.cnn,'My stomach is hurting from laughing': Hear panelist's reaction to DeSantis' threat to Disney,CNN panelists react to Florida Gov. Ron DeSantis floating the idea of building a competing theme park next to Disney World in Orlando.
https://www.cnn.com/2023/04/18/politics/schumer-senate-feinstein-vote-cardin/index.html,GOP prepared to block vote to replace Feinstein on Senate Judiciary,"Senate Majority Leader Chuck Schumer said on Tuesday that he hopes to replace Democratic Sen. Dianne Feinstein on the Senate Judiciary Committee with Sen. Ben Cardin of Maryland and aims to set up a floor vote on the issue this afternoon, which Republicans are expected to block."
https://www.cnn.com/2023/04/18/us/mccurtain-county-oklahoma-officials-recording/index.html,Oklahoma governor calls on officials to resign over recording of racist and threatening remarks,
https://www.cnn.com/videos/politics/2023/04/18/kevin-mccarthy-wall-street-speech-debt-ceiling-biden-economy-vpx.cnn,McCarthy slams Biden in handling of US debt,House Speaker Kevin McCarthy traveled to Wall Street on Monday to deliver a fresh warning that the House GOP majority will refuse to lift a cap on government borrowing unless Biden agrees to spending cuts that would effectively neutralize his domestic agenda.
https://www.cnn.com/2023/04/18/politics/us-warns-russia-zaporizhzhia-nuclear-plant/index.html,US warns Russia not to touch American nuclear technology at Ukrainian nuclear plant,"The US has sensitive nuclear technology at a nuclear power plant inside Ukraine and is warning Russia not to touch it, according to a letter the US Department of Energy sent to Russia's state-owned nuclear energy firm Rosatom last month."
https://www.cnn.com/videos/world/2023/04/18/india-ex-lawmaker-atiq-ahmed-assassination-sud-pkg-contd-ovn-intl-hnk-vpx.cnn,Repeated gunshots fired on live TV as ex-lawmaker shot by assassins,"Atiq Ahmed, a former lawmaker in India's parliament, convicted of kidnapping, was shot dead along with his brother while police were escorting them for a medical check-up in a slaying caught on live television on Saturday. CNN's Vedika Sud reports."
https://www.cnn.com/2023/04/18/health/fda-bivalent-booster-additional-doses/index.html,FDA clears the way for additional bivalent boosters for certain vulnerable individuals,"The U.S. Food and Drug Administration amended the terms of its emergency use authorizations for the Pfizer and Moderna bivalent vaccines on Tuesday, allowing people ages 65 and older and certain people with weakened immunity to get additional doses before this fall's vaccination campaigns."
https://www.cnn.com/2023/04/18/us/maine-shooting-bowdoin-yarmouth/index.html,Maine authorities detained a person of interest after 4 people were found dead in a home and 3 others shot while driving,"Maine authorities have detained a person of interest and continue to investigate after two shooting incidents that appear to be connected left at least four people dead and three others injured, state police said."
https://www.cnn.com/travel/article/southwest-airlines-flight-delays/index.html,Southwest says flights resumed after delays caused by 'tech issues',"‚Ä¢ Delta Air Lines reports record bookings for summer travel
‚Ä¢ Air France and Airbus acquitted in trial over 2009 plane crash"
https://www.cnn.com/2023/04/18/sport/damar-hamlin-cleared-to-train-nfl-spt-intl/index.html,Damar Hamlin cleared to resume football activities after January cardiac arrest,"Buffalo Bills safety Damar Hamlin, who has been cleared to resume football activities, said Tuesday his cardiac arrest during an NFL game in January was caused by commotio cordis."
https://www.cnn.com/videos/travel/2023/03/17/pilot-lands-on-dubai-helipad-cprog-orig-aw-ao.cnn,Pilot makes history after landing on top of a 56-story hotel,Polish pilot Lukasz Czepiela made history after landing a plane on a helipad at the top of a 56-story hotel in Dubai.
https://www.cnn.com/2023/04/18/politics/gilday-defends-non-binary-sailor/index.html,Top US Navy admiral defends non-binary sailor amid some Republican criticism,"The top US Navy admiral ardently defended a non-binary sailor on Tuesday amid some criticism from Republican lawmakers, saying he is ""particularly proud of this sailor."""
https://www.cnn.com/2023/04/18/politics/fulton-county-trump-fake-electors/index.html,Fulton County DA says fake Trump electors are incriminating one another and wants lawyer disqualified,"The Fulton County District Attorney's office said some fake electors for Donald Trump have implicated each other in potential criminal activity and is seeking to disqualify their lawyer, according to a new court filing."
https://www.cnn.com/travel/article/high-speed-rail-us/index.html,High speed trains are racing across the world. But not in America,High speed trains have proved their worth across the world over the past 50 years.
https://www.cnn.com/audio/podcasts/the-assignment/episodes/42a2f0e2-066a-4675-82ff-afe2016a0bb5,Podcast: One country musician is calling for other artists to oppose assault rifles,
https://www.cnn.com/2023/04/18/success/tax-day-2023-file-irs/index.html,Here's what you need to know if you haven't filed your return yet ‚Äî and even if you have,"It's April 18, the official deadline to file your federal and state income tax returns for 2022. (It is also, apparently, National Animal Crackers Day for those who celebrate.)"
https://www.cnn.com/2023/04/18/us/undocumented-immigrants-taxes-cec/index.html,"Undocumented immigrants are paying their taxes today, too",It's a surprising fact that's often overlooked in the immigration debate.
https://www.cnn.com/2023/04/17/opinions/us-tax-system-wealthy-disney-pearl/index.html,Opinion: Why millionaires like us want to pay more in taxes,"Tuesday is Tax Day in America, one of the most stressful days of the year, when many taxpayers will finally end their procrastination, file their federal returns, and hope for a refund from the IRS. But for many of the nation's wealthiest, it's just another Tuesday."
https://www.cnn.com/travel/article/worlds-longest-cycling-tunnel/index.html,'World's longest' purpose-built cycling tunnel opens in Norway,"There are many ways to explore the seven mountains that surround the picturesque UNESCO World Heritage city of Bergen on Norway's fjord-studded west coast. The newest, however, might well be record-breaking."
https://www.cnn.com/style/article/ai-photo-win-sony-scli-intl/index.html,Artist rejects photo prize after AI-generated image wins award,A German artist has rejected an award from a prestigious international photography competition after revealing that his submission was generated by Artificial Intelligence (AI).
https://www.cnn.com/videos/travel/2023/04/18/century-old-shipwrecks-lake-superior-discovery-contd-orig-zt.cnn,These ships disappeared in Lake Superior a century ago. Watch as they're found again,"The Great Lakes Shipwreck Historical Society has found two of three ships that sank in the same Lake Superior storm more than a century ago, locating one in 2021 and the other in 2022."
https://www.cnn.com/style/article/marilyn-minter-artist-elder-sex/index.html,Erotic images of seniors show sex and intimacy in new light,"What does intimacy look like for seniors? There's no end to sex scenes and other steamy content featuring the young and unwrinkled, but past a certain age, popular culture largely draws a blank ‚Äî or treats sex as a punchline."
https://www.cnn.com/2023/04/17/economy/china-gdp-q1-2023-intl-hnk/index.html,"China's economy is off to a solid start, rising 4.5% in Q1 2023",China's economy is off to a solid start in 2023 following its emergence from three years of strict pandemic restrictions.
https://www.cnn.com/2023/04/16/success/husbands-wives-earning-division-of-labor-pew-survey/index.html,"Even when wives make as much as husbands, they still do more at home","‚Ä¢ Four out of the five US metro areas with the lowest unemployment are in Florida. Here's why
‚Ä¢ Opinion: The overlooked problem with raising the retirement age for Social Security"
https://www.cnn.com/2023/04/17/business/mcdonalds-burgers/index.html,McDonald's is upgrading its burgers,"McDonald's, which has been focusing on upgrading its core items to boost sales, is rolling out a series of changes designed to improve its signature burgers."
https://www.cnn.com/2023/04/17/tech/google-ai-search-engine-stock-drop/index.html,Google-parent stock drops on fears it could lose search market share to AI-powered rivals,"Shares of Google-parent Alphabet fell more than 3% in early trading Monday after a report sparked concerns that its core search engine could lose market share to AI-powered rivals, including Microsoft's Bing."
https://www.cnn.com/cnn-underscored/reviews/best-bidets?iid=CNNUnderscoredHPcontainer,Bidets save you money and reduce waste ‚Äî we tested the best options out there,
https://www.cnn.com/cnn-underscored/home/editors-favorite-sustainable-products?iid=CNNUnderscoredHPcontainer,50+ products to make your life easier and our planet cleaner,
https://www.cnn.com/cnn-underscored/gifts/best-mothers-day-gifts-2023?iid=CNNUnderscoredHPcontainer,Mother's Day is around the corner. Here are 50+ thoughtful gifts she'll love,
https://www.cnn.com/cnn-underscored/fashion/mens-spring-fashion-style-guide?iid=CNNUnderscoredHPcontainer,"A head-to-toe guide of how men should dress this spring, and where they should shop",
https://www.cnn.com/cnn-underscored/travel/amazon-travel-products?iid=CNNUnderscoredHPcontainer,42 of the most useful travel products you can buy on Amazon,
https://www.cnn.com/cnn-underscored/money/high-yield-savings-accounts?iid=CNNUnderscoredHPcontainer,The 7 best high-yield savings accounts of April 2023,
https://www.cnn.com/cnn-underscored/money/how-to-file-taxes?iid=CNNUnderscoredHPcontainer,Taxes are due tomorrow. Here's how to file for an extension,
https://www.cnn.com/cnn-underscored/home/how-to-compost-at-home?iid=CNNUnderscoredHPcontainer,Composting is an easy way to reduce food waste. Here's how to do it,
https://www.cnn.com/cnn-underscored/reviews/mmmat-silicone-mats?iid=CNNUnderscoredHPcontainer,We stopped using aluminum foil for cooking and you should too. Here's what to use instead,
https://www.cnn.com/cnn-underscored/deals/dyson-supersonic-sale-2023-04-17?iid=CNNUnderscoredHPcontainer?iid=CNNUnderscoredHPcontainer,The beloved Dyson Supersonic hair dryer is at its lowest price ever,
https://www.cnn.com/cnn-underscored/deals/wayfair-way-day-2023-04-17?iid=CNNUnderscoredHPcontainer,"Everything you need to know about Way Day 2023, Wayfair's biggest sale of the year",
https://www.cnn.com/cnn-underscored/deals/best-amazon-deals-2023-04-12?iid=CNNUnderscoredHPcontainer,The 10 best Amazon deals to shop this week,
https://www.cnn.com/2023/04/18/opinions/medication-abortion-mifepristone-miscarriage-jones-ctpr/index.html,Mifepristone saved my life,"The ruling earlier this month by a Texas federal judge to suspend the US Food and Drug Administration's approval of a drug that is used frequently for medication abortions, is very personal for me."
https://www.cnn.com/2023/04/18/opinions/2024-presidential-election-alternative-voters-lieberman,The 2024 presidential alternative many voters will want,
https://www.cnn.com/2023/04/17/opinions/jim-jordan-clarence-thomas-judiciary-committee-obeidallah/index.html,Why isn't the House Judiciary Committee looking into Thomas?,"On Monday, the GOP-controlled House Judiciary Committee ‚Äî chaired by Donald Trump ally Rep. Jim Jordan ‚Äî is set to hold a field hearing in New York City called ""Victims of Violent Crime in Manhattan."" A statement bills the hearing as an examination of how, the Judiciary Committee says, Manhattan District Attorney Alvin Bragg's policies have ""led to an increase in violent crime and a dangerous community for New York City residents."""
https://www.cnn.com/2023/04/16/opinions/top-secrets-come-spilling-out-opinion-column-galant/index.html,Top secrets come spilling out,"In 1917, British analysts deciphered a coded message the German foreign minister sent to one of his country's diplomats vowing to begin ""unrestricted submarine warfare"" and seeking to win over Mexico with a promise to ""reconquer the lost territory in Texas, New Mexico and Arizona"" if the US entered the world war. When it became public, the Zimmerman Telegram caused a sensation, helping propel the US into the conflict against Germany."
https://www.cnn.com/2023/04/17/opinions/sudan-revolution-to-civil-war-lynch/index.html,How did Sudan go from casting off despotic rule to this?,"Four years ago, almost to the day, the people of Sudan were celebrating a revolution after overthrowing longtime dictator Omar al-Bashir. Now the East African country faces the possibility of a complete collapse similar to the chaos we see today in Yemen or Libya."
https://www.cnn.com/2023/04/18/entertainment/michelle-yeoh-star-trek-section-31/index.html,Michelle Yeoh set to return in new 'Star Trek' movie,"Live long and prosper, Michelle Yeoh."
https://www.cnn.com/2023/04/16/entertainment/succession-season-4-episode-4-recap/index.html,Recap: 'Succession' finds dark humor in the aftershocks,"After the shock came the aftershocks, the power vacuum, and perhaps most significantly and impressively, the laughs, as ""Succession"" pivoted to face life after Logan Roy, in an episode that finally put the HBO show's title into full flower."
https://www.cnn.com/2023/04/14/entertainment/yellowjackets-90s-music/index.html,"'Yellowjackets' leans hard into '90s music nostalgia, and we're here for it","Of the many dark gifts Showtime's eerie hit series ""Yellowjackets"" serves up for us, the juiciest this season is by far the music."
https://www.cnn.com/2023/04/16/entertainment/jeremy-renner-update/index.html,Jeremy Renner revisits 'the amazing group of people' who helped him recover from his accident,"Jeremy Renner is continuing his recovery after his devastating snowplow accident in January, and recognizing those who've helped him along the way."
https://www.cnn.com/2023/04/14/entertainment/barry-season-4-review/index.html,Review: 'Barry' takes a whack at its farewell season,"""Barry"" has taken chances from the very beginning, which is certainly true of a fourth and final season that picks up where the third left off, with its hitman-turned-wannabe actor getting arrested. That paves the way for an even darker season that accentuates the show's ensemble aspect while leaning a little too heavily on blurring lines with flights of fancy."
https://qz.com/mcdonalds-economy-impact-1851204982,How McDonald‚Äôs powers America's economy,"<img class=""type:primaryImage"" src=""https://i.kinja-img.com/image/upload/c_fit,q_80,w_636/32765b9660480599bf4c17fe5d936fdd.jpg"" /><p>What keeps the wheels of the economy turning? Is it fair trade and consumer spending? No, just a whole lot of burger grease. A new report from Oxford Economics details the ways in which <a class=""sc-1out364-0 dPMosf sc-145m8ut-0 lcFFec js_link"" href=""https://www.mcdeconomicimpact.com/_files/ugd/5b5559_3ddfa8b8f2da4c0291b567f987153c60.pdf"" rel=""noopener noreferrer"" target=""_blank"">McDonald‚Äôs  impacts the U.S. economy</a>, contributing as much $108 billion to the country‚Äôs gross domestic product each year.<br /></p><p><a href=""https://qz.com/mcdonalds-economy-impact-1851204982"">Read more...</a></p>"
https://qz.com/openai-gpt-store-chatbots-1851204964,From AI girlfriend chatbots to... Hitler?! The weirdest of OpenAI's GPT Store,"<img class=""type:primaryImage"" src=""https://i.kinja-img.com/image/upload/c_fit,q_80,w_636/3e16775691e9401f414312256d7cad74.png"" /><p>After months of waiting, <a class=""sc-1out364-0 dPMosf sc-145m8ut-0 lcFFec js_link"" href=""https://gizmodo.com/feds-launch-inquiry-openai-microsoft-google-amazon-1851198021"">OpenAI</a> finally <a class=""sc-1out364-0 dPMosf sc-145m8ut-0 lcFFec js_link"" href=""https://gizmodo.com/openai-gpt-store-marketplace-ai-chatbots-sam-altman-1851155831"">launched its GPT Store</a>, where paying subscribers can now access a library of custom AI chatbots. The store promotes some <a class=""sc-1out364-0 dPMosf sc-145m8ut-0 lcFFec js_link"" href=""https://gizmodo.com/the-best-of-openai-s-new-gpts-ranked-1851031215"">practical, helpful AI tools</a> up front, but there are some deeply strange GPTs lurking in corners of the store. Gizmodo ventured into those dark, musty corners‚Ä¶</p><p><a href=""https://qz.com/openai-gpt-store-chatbots-1851204964"">Read more...</a></p>"
https://qz.com/amazon-prime-video-ads-streaming-1851204957,Amazon Prime Video just got ads ‚Äî and it's the end of a streaming era,"<img class=""type:primaryImage"" src=""https://i.kinja-img.com/image/upload/c_fit,q_80,w_636/bccdb7752e310306bf4872884012f48c.jpg"" /><p>Ad-free streaming services are officially a thing of the past. Amazon injected Prime Video‚Äôs <a class=""sc-1out364-0 dPMosf sc-145m8ut-0 lcFFec js_link"" href=""https://gizmodo.com/amazon-will-inject-ads-into-prime-video-starting-jan-2-1851125031"">movies and TV shows with ads</a> on Monday. The company is asking users to pay an additional <a class=""sc-1out364-0 dPMosf sc-145m8ut-0 lcFFec js_link"" href=""https://gizmodo.com/amazon-prime-video-will-get-ads-unless-you-pay-more-1850864312"">$3 a month</a> to keep Prime Video ad-free, on top of the $139 a year members already pay for Amazon Prime.</p><p><a href=""https://qz.com/amazon-prime-video-ads-streaming-1851204957"">Read more...</a></p>"
https://qz.com/t-j-maxx-and-thrift-stores-are-siphoning-shoppers-from-1851202451,T.J. Maxx and thrift stores are siphoning shoppers from full-price rivals,"<img class=""type:primaryImage"" src=""https://i.kinja-img.com/image/upload/c_fit,q_80,w_636/2b0e0505e13e76a4a66c7ea9a7121c40.jpg"" /><p>Stop me if you‚Äôve heard this one before: A shopper, a wallet, and a credit card walk into a store‚Ä¶ Increasingly, though, they‚Äôre not walking into a store where they have to pay the price that‚Äôs on the tag.</p><p><a href=""https://qz.com/t-j-maxx-and-thrift-stores-are-siphoning-shoppers-from-1851202451"">Read more...</a></p>"
https://qz.com/new-york-san-francisco-return-to-office-1851201948,New York is lapping San Francisco in the return-to-office race,"<img class=""type:primaryImage"" src=""https://i.kinja-img.com/image/upload/c_fit,q_80,w_636/2d05801dfd6406f66ba077ca660056d6.jpg"" /><p>The Big Apple has more successfully brought its workers back to the office than other major US cities‚Äîespecially San Francisco.<br /></p><p><a href=""https://qz.com/new-york-san-francisco-return-to-office-1851201948"">Read more...</a></p>"
https://qz.com/ai-girlfriend-chatbots-openai-gpt-store-relationships-1851198193,AI girlfriend chatbots won't last,"<img class=""type:primaryImage"" src=""https://i.kinja-img.com/image/upload/c_fit,q_80,w_636/7532a116eed8ae00b36baa1e331c3ba2.jpg"" /><p>Relationship <a class=""sc-1out364-0 dPMosf sc-145m8ut-0 lcFFec js_link"" href=""https://qz.com/more-than-2-500-apps-launched-in-2023-with-chatbot-in-1851153054"" rel=""noopener noreferrer"" target=""_blank"">chatbots</a> are all the rage right now. Just look at the plethora of <a class=""sc-1out364-0 dPMosf sc-145m8ut-0 lcFFec js_link"" href=""https://qz.com/ai-girlfriend-bots-are-already-flooding-openai-s-gpt-st-1851159131"" rel=""noopener noreferrer"" target=""_blank"">AI girlfriend bots that quickly flooded OpenAI‚Äôs GPT store</a> after it launched earlier this month‚Äîeven though they seemed to violate the new store‚Äôs rules.</p><p><a href=""https://qz.com/ai-girlfriend-chatbots-openai-gpt-store-relationships-1851198193"">Read more...</a></p>"
https://qz.com/weekend-tech-innovation-roundup-january-27-2024-1851201024,"Weekend Tech Innovation Roundup January 27, 2024","<img class=""type:primaryImage"" src=""https://i.kinja-img.com/image/upload/c_fit,q_80,w_636/4611ae84e32bc161fb91376c38884269.jpg"" /><p>Fears of robots taking over people‚Äôs jobs have been a recurring theme <a class=""sc-1out364-0 dPMosf sc-145m8ut-0 lcFFec js_link"" href=""https://qz.com/1681832/the-history-of-the-future-of-work#:~:text=Today%20many%20worry%20that%20strides,supposedly%20denied%20a%20patent%20to"" rel=""noopener noreferrer"" target=""_blank"">for centuries</a>, and with recent advancements in AI, the <a class=""sc-1out364-0 dPMosf sc-145m8ut-0 lcFFec js_link"" href=""https://www.bbc.com/worklife/article/20230418-ai-anxiety-artificial-intelligence-replace-jobs"" rel=""noopener noreferrer"" target=""_blank"">anxiety has resurfaced</a>. But fear not, humans! A <a class=""sc-1out364-0 dPMosf sc-145m8ut-0 lcFFec js_link"" href=""https://www.bloomberg.com/news/articles/2024-01-22/humans-still-cheaper-than-ai-in-vast-majority-of-jobs-mit-finds?sref=P6Q0mxvj"" rel=""noopener noreferrer"" target=""_blank"">new study </a>from the Massachusetts Institute of Technology (MIT) offers a reassuring perspective: most jobs are currently too expensive to automate‚Ä¶</p><p><a href=""https://qz.com/weekend-tech-innovation-roundup-january-27-2024-1851201024"">Read more...</a></p>"
https://qz.com/weekend-money-markets-roundup-january-27-2024-1851201022,"Weekend Money Markets Roundup January 27, 2024","<img class=""type:primaryImage"" src=""https://i.kinja-img.com/image/upload/c_fit,q_80,w_636/e092f8d68ef4c43063c0cdff9362524b.jpg"" /><p>There was a whole lot of excitement around the prospect of exchange-traded bitcoin funds a couple weeks ago, when the US Securities and Exchange Commission announced that it had <a class=""sc-1out364-0 dPMosf sc-145m8ut-0 lcFFec js_link"" href=""https://qz.com/first-bitcoin-exchange-traded-funds-are-cleared-by-us-r-1851157071"" rel=""noopener noreferrer"" target=""_blank"">approved use of the investing tool</a>. Someone even <a class=""sc-1out364-0 dPMosf sc-145m8ut-0 lcFFec js_link"" href=""https://www.reuters.com/technology/sec-account-hack-renews-spotlight-xs-security-concerns-2024-01-10/"" rel=""noopener noreferrer"" target=""_blank"">hacked the SEC‚Äôs account on the X social media platform</a> to break the news early! But that‚Ä¶</p><p><a href=""https://qz.com/weekend-money-markets-roundup-january-27-2024-1851201022"">Read more...</a></p>"
https://qz.com/weekend-business-news-roundup-january-27-2024-1851201021,"Weekend Business News Roundup January 27, 2024","<img class=""type:primaryImage"" src=""https://i.kinja-img.com/image/upload/c_fit,q_80,w_636/691653f5045499e4600939c8f7469625.jpg"" /><p>Japan and Singapore enjoyed the shared distinction of <a class=""sc-1out364-0 dPMosf sc-145m8ut-0 lcFFec js_link"" href=""https://qz.com/most-powerful-passports-2023-ranking-1850024908"" rel=""noopener noreferrer"" target=""_blank"">having the most powerful passports in the world</a> since 2019. But they‚Äôre not alone anymore. </p><p><a href=""https://qz.com/weekend-business-news-roundup-january-27-2024-1851201021"">Read more...</a></p>"
https://qz.com/amex-members-expensed-100-billion-restaurants-2023-1851202356,AmEx members expensed $100 billion at restaurants last year,"<img class=""type:primaryImage"" src=""https://i.kinja-img.com/image/upload/c_fit,q_80,w_636/595ce2621cb29cf1368539618fa01843.jpg"" /><p>They might not be flying as much, and they might be a skosh late on their bills, but American Express customers sure do love to eat. For the first time in 2023, they expensed more than $100 billion at restaurants around the world.</p><p><a href=""https://qz.com/amex-members-expensed-100-billion-restaurants-2023-1851202356"">Read more...</a></p>"
https://qz.com/microsoft-amazon-google-ai-investments-ftc-1851202060,"Big Tech's investments in AI has regulators asking Microsoft, Amazon, and Google some questions","<img class=""type:primaryImage"" src=""https://i.kinja-img.com/image/upload/c_fit,q_80,w_636/a41aaade0aa5e4911d0d248ce34c692a.jpg"" /><p>It was only a matter of time before the US Federal Trade Commission (FTC), which regulates competition, decided to i<a class=""sc-1out364-0 dPMosf sc-145m8ut-0 lcFFec js_link"" href=""https://www.ftc.gov/news-events/news/press-releases/2024/01/ftc-launches-inquiry-generative-ai-investments-partnerships"" rel=""noopener noreferrer"" target=""_blank"">nvestigate big tech‚Äôs partnerships with AI companies</a>. The agency is looking specifically at three separate multi-billion-dollar investments, including Microsoft and OpenAI, Amazon and Anthropic, and‚Ä¶</p><p><a href=""https://qz.com/microsoft-amazon-google-ai-investments-ftc-1851202060"">Read more...</a></p>"
https://qz.com/google-amazon-apple-tech-layoffs-1851173569,"Microsoft, Google, Salesforce, and more: 2024 starts with tech layoffs already set to surpass last year","<img class=""type:primaryImage"" src=""https://i.kinja-img.com/image/upload/c_fit,q_80,w_636/cc77853c21f262c97bfa16534d527fde.jpg"" /><p>There have been <a class=""sc-1out364-0 dPMosf sc-145m8ut-0 lcFFec js_link"" href=""https://qz.com/tech-layoffs-might-surpass-2023-1851198088"" rel=""noopener noreferrer"" target=""_blank"">more than 24,000 layoffs in the tech industry</a> in just the first few weeks of 2024. The total number of<a class=""sc-1out364-0 dPMosf sc-145m8ut-0 lcFFec js_link"" href=""https://qz.com/tech-layoffs-might-surpass-2023-1851198088"" rel=""noopener noreferrer"" target=""_blank""> job cuts doubled this week alone</a>, squashing hopes for an end to <a class=""sc-1out364-0 dPMosf sc-145m8ut-0 lcFFec js_link"" href=""https://qz.com/from-overhiring-to-optionality-what-we-can-learn-from-1850267076"" rel=""noopener noreferrer"" target=""_blank"">last year‚Äôs doom and gloom in tech</a>.</p><p><a href=""https://qz.com/google-amazon-apple-tech-layoffs-1851173569"">Read more...</a></p>"
https://qz.com/biden-pause-biggest-natural-gas-export-project-1851201347,Biden's natural gas export pause adds to his mixed climate record,"<img class=""type:primaryImage"" src=""https://i.kinja-img.com/image/upload/c_fit,q_80,w_636/7546d060302a99ed037e7c49b0df3970.jpg"" /><p>The Biden Administration is trying to have its cake and eat it too when it comes to fossil fuels and climate policy. The <a class=""sc-1out364-0 dPMosf sc-145m8ut-0 lcFFec js_link"" href=""https://www.whitehouse.gov/briefing-room/statements-releases/2024/01/26/fact-sheet-biden-harris-administration-announces-temporary-pause-on-pending-approvals-of-liquefied-natural-gas-exports/"" rel=""noopener noreferrer"" target=""_blank"">White House announced Friday</a> (Jan. 26) that it was going to pause all pending approvals of natural gas export facility projects, including Calcasieu Pass 2 facility in Louisiana, which would have‚Ä¶</p><p><a href=""https://qz.com/biden-pause-biggest-natural-gas-export-project-1851201347"">Read more...</a></p>"
https://qz.com/southwest-american-and-delta-feel-the-impacts-of-boei-1851200829,"Southwest, American, and Delta are feeling the impacts of Boeing's troubles","<img class=""type:primaryImage"" src=""https://i.kinja-img.com/image/upload/c_fit,q_80,w_636/87927b967b81ee8e61b078c1e5bea263.jpg"" /><p>It‚Äôs not just <a class=""sc-1out364-0 dPMosf sc-145m8ut-0 lcFFec js_link"" href=""https://qz.com/united-airlines-says-its-growth-will-slow-for-years-bec-1851189943"" rel=""noopener noreferrer"" target=""_blank"">United Airlines</a> and Alaska Airlines that were <a class=""sc-1out364-0 dPMosf sc-145m8ut-0 lcFFec js_link"" href=""https://qz.com/737-max-9-united-alaska-return-to-air-1851196101"" rel=""noopener noreferrer"" target=""_blank"">impacted</a> by the <a class=""sc-1out364-0 dPMosf sc-145m8ut-0 lcFFec js_link"" href=""https://qz.com/boeing-737-max-9-alaska-airlines-stock-fallout-1851156730"" rel=""noopener noreferrer"" target=""_blank"">grounding of Boeing‚Äôs 737 Max 9s</a>. Delta, Southwest, and American have taken a gut punch, too.<br /></p><p><a href=""https://qz.com/southwest-american-and-delta-feel-the-impacts-of-boei-1851200829"">Read more...</a></p>"
https://qz.com/elon-musks-ai-startup-is-reportedly-looking-to-raise-up-1851200609,Elon Musk's AI startup is reportedly looking to raise up to $6 billion,"<img class=""type:primaryImage"" src=""https://i.kinja-img.com/image/upload/c_fit,q_80,w_636/1e3b0a6c83a146ea9901be5df186961c.jpg"" /><p>Looks like Elon Musk is trying to mount a challenge to OpenAI‚Äîwith some serious funding behind it. His competitor xAI is reportedly in talks to raise up to $6 billion at a proposed valuation of $20 billion, the Financial Times <a class=""sc-1out364-0 dPMosf sc-145m8ut-0 lcFFec js_link"" href=""https://www.ft.com/content/28983bdc-2a38-4103-beae-08d9542ab69d"" rel=""noopener noreferrer"" target=""_blank"">reported on Friday</a> (Jan. 26).<br /></p><p><a href=""https://qz.com/elon-musks-ai-startup-is-reportedly-looking-to-raise-up-1851200609"">Read more...</a></p>"
https://qz.com/emails/daily-brief/1851199044/is-2024-the-year-of-tech-layoffs,üåé Is 2024 the year of tech layoffs?,"<img class=""type:primaryImage"" src=""https://i.kinja-img.com/image/upload/c_fit,q_80,w_636/21871a1358c3ed2238ff196a7ea9b36f.jpg"" /><p>Good morning, Quartz readers!<br /></p><p><a href=""https://qz.com/emails/daily-brief/1851199044/is-2024-the-year-of-tech-layoffs"">Read more...</a></p>"
https://qz.com/europe-china-economic-security-1851199793,Europe's economic security plan needs to play both defense and offense,"<img class=""type:primaryImage"" src=""https://i.kinja-img.com/image/upload/c_fit,q_80,w_636/79d59ede37de02ce93d5eb6105dbab7b.jpg"" /><p>The European Union this week <a class=""sc-1out364-0 dPMosf sc-145m8ut-0 lcFFec js_link"" href=""https://ec.europa.eu/commission/presscorner/detail/en/IP_24_363"" rel=""noopener noreferrer"" target=""_blank"">published a raft of proposals</a> aimed at bolstering the bloc‚Äôs economic security, including how to better scrutinize inbound investments, monitor risks associated with outbound investments,  and regulate exports of sensitive technologies. </p><p><a href=""https://qz.com/europe-china-economic-security-1851199793"">Read more...</a></p>"
https://qz.com/sephora-tweens-lvmh-profits-boost-1851198488,Sephora tweens are giving LVMH's profits a nice glow,"<img class=""type:primaryImage"" src=""https://i.kinja-img.com/image/upload/c_fit,q_80,w_636/fad8a091789fc7d082dea33ff925e178.jpg"" /><p>Everyone‚Äôs been talking about the Sephora tweens: Young customers who flock to the beauty store in search of pricey skincare products to rejuvenate faces too young to register the wear and tear of life. Some people are <a class=""sc-1out364-0 dPMosf sc-145m8ut-0 lcFFec js_link"" href=""https://www.dailymail.co.uk/femail/article-12984249/sephora-teens-ruin-beauty-product-samples-store.html"" rel=""noopener noreferrer"" target=""_blank"">scared of them</a>. Some are <a class=""sc-1out364-0 dPMosf sc-145m8ut-0 lcFFec js_link"" href=""https://www.axios.com/2024/01/25/sephora-kids-tweens-anti-aging-skin-care-parents"" rel=""noopener noreferrer"" target=""_blank"">scared for them</a>. Some would like to remind horrified onlookers that <a class=""sc-1out364-0 dPMosf sc-145m8ut-0 lcFFec js_link"" href=""https://www.allure.com/story/sephora-tweens-are-nothing-new"" rel=""noopener noreferrer"" target=""_blank"">they‚Ä¶</a></p><p><a href=""https://qz.com/sephora-tweens-lvmh-profits-boost-1851198488"">Read more...</a></p>"
https://qz.com/tech-layoffs-might-surpass-2023-1851198088,Tech layoffs are already on pace to surpass last year after another brutal week,"<img class=""type:primaryImage"" src=""https://i.kinja-img.com/image/upload/c_fit,q_80,w_636/d2908e8d2d1e0082b28aebecaed68a58.jpg"" /><p><br /></p><p><a href=""https://qz.com/tech-layoffs-might-surpass-2023-1851198088"">Read more...</a></p>"
https://qz.com/fed-interest-rate-cuts-not-coming-soon-1851197420,The Fed hasn't killed the economy yet,"<img class=""type:primaryImage"" src=""https://i.kinja-img.com/image/upload/c_fit,q_80,w_636/8aa21efe6ed575d1b3f855fa7ff9f615.jpg"" /><p>Lots of people would love it if the Federal Reserve cut interest rates soon. Investors want cheaper money. Homeowners want cheaper mortgages. Consumers want cheaper credit card bills. And for a while, there was <a class=""sc-1out364-0 dPMosf sc-145m8ut-0 lcFFec js_link"" href=""https://qz.com/speculation-about-eventual-rate-cuts-is-rising-but-fed-1851088754"" rel=""noopener noreferrer"" target=""_blank"">a lot of pressure</a> on the Fed to give them what they wanted out of fears that holding rates too high would <a class=""sc-1out364-0 dPMosf sc-145m8ut-0 lcFFec js_link"" href=""https://www.epi.org/blog/the-fed-should-stand-pat-on-further-interest-rate-hikes-at-this-weeks-meeting-inflation-is-easing-even-as-the-labor-market-remains-strong/"" rel=""noopener noreferrer"" target=""_blank"">dam‚Ä¶</a></p><p><a href=""https://qz.com/fed-interest-rate-cuts-not-coming-soon-1851197420"">Read more...</a></p>"
https://qz.com/shopping-is-driving-us-economy-1851196614,Americans are shopping their way to a stronger economy,"<img class=""type:primaryImage"" src=""https://i.kinja-img.com/image/upload/c_fit,q_80,w_636/5b5434cb653ccfccdf3a715c1272a77e.jpg"" /><p>The economy is still humming! </p><p><a href=""https://qz.com/shopping-is-driving-us-economy-1851196614"">Read more...</a></p>"
https://qz.com/how-to-find-a-new-job-and-make-more-money-your-wallet-1851197222,How to find a new job and make more money | Your Wallet,"<img class=""type:primaryImage"" src=""https://i.kinja-img.com/image/upload/c_fit,q_80,w_636/ec54b05809dd9f012f063a2b146b8412.jpg"" /><p><a href=""https://qz.com/how-to-find-a-new-job-and-make-more-money-your-wallet-1851197222"">Read more...</a></p>"
https://qz.com/tesla-outlook-ev-import-soar-1851196877,Tesla‚Äôs time in the sun is over as EV imports are soaring,"<img class=""type:primaryImage"" src=""https://i.kinja-img.com/image/upload/c_fit,q_80,w_636/2508d5a0a857815754da45e28b26bbbc.jpg"" /><p>In a shareholder <a class=""sc-1out364-0 dPMosf sc-145m8ut-0 lcFFec js_link"" href=""https://digitalassets.tesla.com/tesla-contents/image/upload/IR/TSLA-Q4-2023-Update.pdf"" rel=""noopener noreferrer"" target=""_blank"">letter Wednesday</a> (Jan. 25), Tesla said that vehicle volume growth may be ‚Äúnotably lower‚Äù than the rate from a year ago.<br /></p><p><a href=""https://qz.com/tesla-outlook-ev-import-soar-1851196877"">Read more...</a></p>"
https://qz.com/emails/space-business/1851194792/space-business-a-lunar-new-year,üöÄ Space Business: A lunar new year,"<img class=""type:primaryImage"" src=""https://i.kinja-img.com/image/upload/c_fit,q_80,w_636/97c84332e690c368f43fa8d5c6e9f937.jpg"" /><p>We‚Äôll be taking a break from Space Business for a bit! In the meantime, keep your eyes on the skies (and if you want more Quartz in your inbox, <a class=""sc-1out364-0 dPMosf sc-145m8ut-0 lcFFec js_link"" href=""https://qz.com/newsletter"" rel=""noopener noreferrer"" target=""_blank"">check out our other newsletters</a>)!</p><p><a href=""https://qz.com/emails/space-business/1851194792/space-business-a-lunar-new-year"">Read more...</a></p>"
https://qz.com/737-max-9-united-alaska-return-to-air-1851196101,United and Alaska Airlines' Boeing 737 Max 9 planes will return to the air,"<img class=""type:primaryImage"" src=""https://i.kinja-img.com/image/upload/c_fit,q_80,w_636/9ceefd457e30e993cb47c862d3e1eb99.jpg"" /><p>The US Federal Aviation Administration said grounded Boeing 737 Max 9 airplanes will be cleared to return to the skies after it does an inspection and maintenance check.<br /></p><p><a href=""https://qz.com/737-max-9-united-alaska-return-to-air-1851196101"">Read more...</a></p>"
https://qz.com/subway-meat-slicers-1851195872,Subway made a big investment in new meat slicers and it's not looking good,"<img class=""type:primaryImage"" src=""https://i.kinja-img.com/image/upload/c_fit,q_80,w_636/544cc9ab7abe867dc91339e6fe1b502b.jpg"" /><p>When Subway announced last year that it would be removing pre-sliced meat from its assembly line and <a class=""sc-1out364-0 dPMosf sc-145m8ut-0 lcFFec js_link"" href=""https://thetakeout.com/subway-locations-deli-slicer-meat-better-sandwich-menu-1850071133"">adding automatic deli slicers</a> to its more than 20,000 locations, the intention was to improve the chain‚Äôs overall sandwich quality. Just six months after this systemwide change, however, Restaurant Business reports <a class=""sc-1out364-0 dPMosf sc-145m8ut-0 lcFFec js_link"" href=""https://www.restaurantbusinessonline.com/financing/some-subway-operators-slicers-arent-all-theyre-sliced-be"" rel=""noopener noreferrer"" target=""_blank"">Subw‚Ä¶</a></p><p><a href=""https://qz.com/subway-meat-slicers-1851195872"">Read more...</a></p>"
https://qz.com/selling-houses-less-profitable-2023-1851194261,Huge market headwinds made house flipper profits less gigantic last year,"<img class=""type:primaryImage"" src=""https://i.kinja-img.com/image/upload/c_fit,q_80,w_636/163cf5ff0049365381b4b601d705ddd5.jpg"" /><p>A lot of people don‚Äôt want to sell their houses because their interest rates are too good and they‚Äôre scared they won‚Äôt be able to afford something better. A lot of people can‚Äôt buy a house because interest rates are too high and they can‚Äôt afford anything at all. So when transactions do happen‚Äîin 2023, existing US‚Ä¶</p><p><a href=""https://qz.com/selling-houses-less-profitable-2023-1851194261"">Read more...</a></p>"
https://qz.com/most-powerful-passports-2024-world-rankings-1851177985,2024's most powerful passports ranked,"<img class=""type:primaryImage"" src=""https://i.kinja-img.com/image/upload/c_fit,q_80,w_636/88de51e230776489259a014e629a925f.jpg"" /><p>Japan and Singapore enjoyed the shared distinction of <a class=""sc-1out364-0 dPMosf sc-145m8ut-0 lcFFec js_link"" href=""https://qz.com/most-powerful-passports-2023-ranking-1850024908"" rel=""noopener noreferrer"" target=""_blank"">having the most powerful passports in the world</a> since 2019. But they‚Äôre not alone anymore. </p><p><a href=""https://qz.com/most-powerful-passports-2024-world-rankings-1851177985"">Read more...</a></p>"
https://qz.com/tesla-stock-down-magnificent-seven-microsoft-apple-1851194022,Tesla has been a tech stock stinker as Microsoft joins Apple in the $3 trillion club,"<img class=""type:primaryImage"" src=""https://i.kinja-img.com/image/upload/c_fit,q_80,w_636/aac2eab778880d7284d7f4648437ad03.jpg"" /><p>At the top of the year, the Wall Street Journal <a class=""sc-1out364-0 dPMosf sc-145m8ut-0 lcFFec js_link"" href=""https://www.wsj.com/finance/optimism-abounds-wall-street-this-new-year-a0ec5cc0"" rel=""noopener noreferrer"" target=""_blank"">let the world know</a> about the ‚ÄúMagnificent Seven,‚Äù a basket of tech stocks that traders were hyping up for the high profits amid a period of economic uncertainty. </p><p><a href=""https://qz.com/tesla-stock-down-magnificent-seven-microsoft-apple-1851194022"">Read more...</a></p>"
https://qz.com/emails/quartz-obsession/1851193320/shah-rukh-khan-the-king-of-cinema-is-back,Shah Rukh Khan: The king of cinema is back,"<img class=""type:primaryImage"" src=""https://i.kinja-img.com/image/upload/c_fit,q_80,w_636/ab36dd4905fad76f26e1cc4cdbaa47b9.jpg"" /><p><strong>Back with a bang</strong><br /></p><p><a href=""https://qz.com/emails/quartz-obsession/1851193320/shah-rukh-khan-the-king-of-cinema-is-back"">Read more...</a></p>"
https://qz.com/netflix-password-sharing-crackdown-and-price-hikes-are-1851193478,Netflix password-sharing crackdown and price hikes will drive revenue 'for years',"<img class=""type:primaryImage"" src=""https://i.kinja-img.com/image/upload/c_fit,q_80,w_636/a32d9d4a925ebadbd05c002fe9668555.jpg"" /><p>Netflix‚Äôs <a class=""sc-1out364-0 dPMosf sc-145m8ut-0 lcFFec js_link"" href=""https://qz.com/netflix-password-sharing-crackdown-us-household-1850468506"" rel=""noopener noreferrer"" target=""_blank"">password-sharing crackdown</a>‚Äîwhich the company more affectionately calls ‚Äúpaid sharing,‚Äù ‚Äúthe right nudge at the right time‚Äù‚Äînot only paid off immediately after the company implemented it last May, but even more so in the months that followed.<br /></p><p><a href=""https://qz.com/netflix-password-sharing-crackdown-and-price-hikes-are-1851193478"">Read more...</a></p>"
https://qz.com/fighting-red-sea-oil-prices-increasing-1851192473,It turns out oil gets more expensive to ship when boats go boom in the Red Sea,"<img class=""type:primaryImage"" src=""https://i.kinja-img.com/image/upload/c_fit,q_80,w_636/dd7143e78390e16321add067c3440b5f.jpg"" /><p>The oil comes out the ground, the oil gets sold, the oil gets shipped somewhere, the oil gets turned into gasoline and plastic and all the stuff we use to go about our lives. All of these steps in the process affect the price of the oil itself, and three of them get the most attention, but only one of them is getting‚Ä¶</p><p><a href=""https://qz.com/fighting-red-sea-oil-prices-increasing-1851192473"">Read more...</a></p>"
https://qz.com/afm-amptp-musicians-union-artificial-intelligence-1851192257,Musicians are bargaining with Hollywood over AI,"<img class=""type:primaryImage"" src=""https://i.kinja-img.com/image/upload/c_fit,q_80,w_636/fbdd9fa1aacb02aff64c9b5bcd3d587c.jpg"" /><p>First, it was writers and actors. Then, it was <a class=""sc-1out364-0 dPMosf sc-145m8ut-0 lcFFec js_link"" href=""https://qz.com/the-marvel-universe-has-new-avengers-visual-effects-wo-1850718359"" rel=""noopener noreferrer"" target=""_blank"">visual effects workers</a>. Now, it‚Äôs musicians who are demanding Hollywood studios provide pay and consent for using artificial intelligence.</p><p><a href=""https://qz.com/afm-amptp-musicians-union-artificial-intelligence-1851192257"">Read more...</a></p>"
https://qz.com/emails/quartz-at-work/1851192214/writing-your-resume-for-a-robot,Writing your resume for a robot,"<img class=""type:primaryImage"" src=""https://i.kinja-img.com/image/upload/c_fit,q_80,w_636/e8293aeefafb69150ef3284b5e3197ba.jpg"" /><p>Hello, Quartz at Work readers!</p><p><a href=""https://qz.com/emails/quartz-at-work/1851192214/writing-your-resume-for-a-robot"">Read more...</a></p>"
https://qz.com/best-jobs-2024-indeed-mental-healthcare-1851190781,"The best jobs of 2024, according to Indeed","<img class=""type:primaryImage"" src=""https://i.kinja-img.com/image/upload/c_fit,q_80,w_636/ae46eb49811ec34b3fc57d408f0dd2ac.jpg"" /><p>The top jobs in the US in 2024 are in mental healthcare, according to Indeed ‚Äî and mental health technicians, mental health therapists, and psychiatrists are the best ones to apply for this year.</p><p><a href=""https://qz.com/best-jobs-2024-indeed-mental-healthcare-1851190781"">Read more...</a></p>"
https://qz.com/why-the-us-economy-might-be-headed-for-a-bumpy-landing-1851189884,Why the US economy might be headed for a bumpy landing | Smart Investing,"<img class=""type:primaryImage"" src=""https://i.kinja-img.com/image/upload/c_fit,q_80,w_636/86871ee7a25653bcf3a70082b5ebd1ab.jpg"" /><p><a href=""https://qz.com/why-the-us-economy-might-be-headed-for-a-bumpy-landing-1851189884"">Read more...</a></p>"
https://qz.com/hr-software-ai-algorithms-bias-1851190372,AI is coming for your job application long before it comes for your job,"<img class=""type:primaryImage"" src=""https://i.kinja-img.com/image/upload/c_fit,q_80,w_636/9ec9150402a1ef48deaa0384334f39de.jpg"" /><p>In late 2017, Hilke Schellmann was closing out a conference in Washington, DC, when she hailed a ride to the train station. The filmmaker and New York University journalism professor hopped in her Lyft,  asked  the driver how he was doing, and was met with a pause. It had been a strange day, he answered. He‚Äôd applied‚Ä¶</p><p><a href=""https://qz.com/hr-software-ai-algorithms-bias-1851190372"">Read more...</a></p>"
https://qz.com/united-airlines-says-its-growth-will-slow-for-years-bec-1851189943,United Airlines says growth will slow for years because of Boeing's 737 troubles,"<img class=""type:primaryImage"" src=""https://i.kinja-img.com/image/upload/c_fit,q_80,w_636/b058e7f7173bd8be72f23c8a20d8bdaf.jpg"" /><p>United Airlines expects its capacity growth to slow in the coming years, thanks to the  drama at its biggest aircraft supplier, Boeing.<br /></p><p><a href=""https://qz.com/united-airlines-says-its-growth-will-slow-for-years-bec-1851189943"">Read more...</a></p>"
https://qz.com/lots-of-people-started-selling-bitcoin-after-the-sec-ma-1851190395,Lots of people started selling bitcoin after the SEC made it easier to buy,"<img class=""type:primaryImage"" src=""https://i.kinja-img.com/image/upload/c_fit,q_80,w_636/fb09f7ab32c9ab32711162accdc6c3f8.jpg"" /><p>There was a whole lot of excitement around the prospect of exchange-traded bitcoin funds a couple weeks ago, when the US Securities and Exchange Commission announced that it had <a class=""sc-1out364-0 dPMosf sc-145m8ut-0 lcFFec js_link"" href=""https://qz.com/first-bitcoin-exchange-traded-funds-are-cleared-by-us-r-1851157071"" rel=""noopener noreferrer"" target=""_blank"">approved use of the investing tool</a>. Someone even <a class=""sc-1out364-0 dPMosf sc-145m8ut-0 lcFFec js_link"" href=""https://www.reuters.com/technology/sec-account-hack-renews-spotlight-xs-security-concerns-2024-01-10/"" rel=""noopener noreferrer"" target=""_blank"">hacked the SEC‚Äôs account on the X social media platform</a> to break the news early! But that‚Ä¶</p><p><a href=""https://qz.com/lots-of-people-started-selling-bitcoin-after-the-sec-ma-1851190395"">Read more...</a></p>"
https://qz.com/brex-once-a-silicon-valley-darling-is-laying-off-20-1851189051,"Brex, once a Silicon Valley darling, is laying off 20% of its workforce","<img class=""type:primaryImage"" src=""https://i.kinja-img.com/image/upload/c_fit,q_80,w_636/6529f0dc9506f74ecf6a34d91db969fb.jpg"" /><p><a class=""sc-1out364-0 dPMosf sc-145m8ut-0 lcFFec js_link"" href=""https://qz.com/1721642/brex-cash-claims-sipc-protection-checking-poses-a-challenge"" rel=""noopener noreferrer"" target=""_blank"">Brex</a>, a US <a class=""sc-1out364-0 dPMosf sc-145m8ut-0 lcFFec js_link"" href=""https://qz.com/emails/future-of-finance/1744003/quartz-future-of-finance-what-fintech-means-to-visa-and-mastercard"" rel=""noopener noreferrer"" target=""_blank"">fintech</a> startup, has cut more than 200 employees from its 1,000-person workforce. This move shows that even a decacorn‚Äîa privately held company with a valuation topping $10 billion‚Äîisn‚Äôt immune to job losses. The startup said it‚Äôs doing some restructuring, according to an email sent today (Jan. 23) to an‚Ä¶</p><p><a href=""https://qz.com/brex-once-a-silicon-valley-darling-is-laying-off-20-1851189051"">Read more...</a></p>"
https://qz.com/netflix-is-paying-5-billion-to-be-the-home-of-wwes-mon-1851188480,Netflix is paying $5 billion to be the home of WWE's Monday Night Raw,"<img class=""type:primaryImage"" src=""https://i.kinja-img.com/image/upload/c_fit,q_80,w_636/4655637a938ad6a6701a90d1718709f4.jpg"" /><p>Once upon a time, the main proposition of streaming services like Netflix was that you could watch what you wanted, when you wanted. But as the services have increasingly started bailing on creating original content that users could pick up from libraries, they‚Äôve been investing more in live events such as sports.‚Ä¶</p><p><a href=""https://qz.com/netflix-is-paying-5-billion-to-be-the-home-of-wwes-mon-1851188480"">Read more...</a></p>"
https://qz.com/tiktok-workers-feel-techs-troubles-as-the-company-cuts-1851188391,TikTok workers feel tech's troubles as the company cuts 60 jobs,"<img class=""type:primaryImage"" src=""https://i.kinja-img.com/image/upload/c_fit,q_80,w_636/05c5e1c2009949c0bb6eb7dd2b7f9749.jpg"" /><p>Tech employees have taken to TikTok to tell the world about their layoffs. Now, TikTok workers themselves are the ones with the problem.<br /></p><p><a href=""https://qz.com/tiktok-workers-feel-techs-troubles-as-the-company-cuts-1851188391"">Read more...</a></p>"
https://qz.com/china-import-fewer-semiconductors-more-chipmaking-machi-1851188247,China is importing fewer chips and more chipmaking machines,"<img class=""type:primaryImage"" src=""https://i.kinja-img.com/image/upload/c_fit,q_80,w_636/2b52512e1fef42681ebb97f7d5231165.jpg"" /><p>In a clear sign of Beijing‚Äôs efforts to speed up the development of its homegrown semiconductor industry amid Washington‚Äôs intensifying technology restrictions, China‚Äôs imports of chipmaking machines <a class=""sc-1out364-0 dPMosf sc-145m8ut-0 lcFFec js_link"" href=""https://www.bloomberg.com/news/articles/2024-01-22/china-buys-near-record-40-billion-of-chip-gear-to-beat-us-curbs"" rel=""noopener noreferrer"" target=""_blank"">hit a near-record</a> last year‚Äîwhile its chip imports saw their <a class=""sc-1out364-0 dPMosf sc-145m8ut-0 lcFFec js_link"" href=""https://www.bloomberg.com/news/articles/2024-01-15/us-china-chip-war-china-sees-biggest-drop-in-imports-on-record-in-2023"" rel=""noopener noreferrer"" target=""_blank"">steepest decline on record</a>. </p><p><a href=""https://qz.com/china-import-fewer-semiconductors-more-chipmaking-machi-1851188247"">Read more...</a></p>"
https://qz.com/china-taiwan-intermediate-goods-1851187726,One way China is growing more dependent on Taiwan,"<img class=""type:primaryImage"" src=""https://i.kinja-img.com/image/upload/c_fit,q_80,w_636/df5113f60a04b02d6009312b242d5ec0.jpg"" /><p>Intermediate goods are inputs used to produce a final product. Think textiles to make a coat, metals to make a car, and computer chips to make an iPhone. </p><p><a href=""https://qz.com/china-taiwan-intermediate-goods-1851187726"">Read more...</a></p>"
https://qz.com/1-8-billion-reasons-why-wall-street-loves-the-fashion-w-1851186408,1.8 billion reasons why Wall Street loves the fashion world's favorite hiking sneakers,"<img class=""type:primaryImage"" src=""https://i.kinja-img.com/image/upload/c_fit,q_80,w_636/600b3f8558298e0749800591909eda28.jpg"" /><p>Back in 2016, hiking shoe specialist Salomon was set to destroy the molds for its XT-6 sneaker. The model had debuted four years earlier and was getting cycled out. But Jean-Philippe Lalonde, a special projects manager tasked with breaking the company into the fashion world, told the production department to pump the‚Ä¶</p><p><a href=""https://qz.com/1-8-billion-reasons-why-wall-street-loves-the-fashion-w-1851186408"">Read more...</a></p>"
https://qz.com/millions-live-near-us-railways-shipping-the-toxic-chemi-1851186374,"Millions live near US railways shipping the toxic chemical that contaminated East Palestine, Ohio","<img class=""type:primaryImage"" src=""https://i.kinja-img.com/image/upload/c_fit,q_80,w_636/c1603ce6c5d0819314bd810ac7ffe889.jpg"" /><p>The toxic, flammable gas that notoriously spilled into the town of East Palestine, Ohio, last year still rides on rail lines through eight major US cities. In fact, as much as <a class=""sc-1out364-0 dPMosf sc-145m8ut-0 lcFFec js_link"" href=""https://toxicfreefuture.org/press-room/new-research-reveals-up-to-36-million-pounds-of-toxic-chemical-vinyl-chloride-are-transported-across-north-american-railways-at-any-moment-putting-millions-at-risk/"" rel=""noopener noreferrer"" target=""_blank"">36 million pounds</a> of the chemical, vinyl chloride,<strong></strong>are carried on trains through the country at any given time, according to a new study by‚Ä¶</p><p><a href=""https://qz.com/millions-live-near-us-railways-shipping-the-toxic-chemi-1851186374"">Read more...</a></p>"
https://qz.com/mit-research-jobs-ai-computer-vision-high-cost-1851184898,"It's expensive to replace humans with AI, MIT says","<img class=""type:primaryImage"" src=""https://i.kinja-img.com/image/upload/c_fit,q_80,w_636/c2039d50f7f7c17c675f0e466ead800c.jpg"" /><p>Fears of robots taking over people‚Äôs jobs have been a recurring theme <a class=""sc-1out364-0 dPMosf sc-145m8ut-0 lcFFec js_link"" href=""https://qz.com/1681832/the-history-of-the-future-of-work#:~:text=Today%20many%20worry%20that%20strides,supposedly%20denied%20a%20patent%20to"" rel=""noopener noreferrer"" target=""_blank"">for centuries</a>, and with recent advancements in AI, the <a class=""sc-1out364-0 dPMosf sc-145m8ut-0 lcFFec js_link"" href=""https://www.bbc.com/worklife/article/20230418-ai-anxiety-artificial-intelligence-replace-jobs"" rel=""noopener noreferrer"" target=""_blank"">anxiety has resurfaced</a>. But fear not, humans! A <a class=""sc-1out364-0 dPMosf sc-145m8ut-0 lcFFec js_link"" href=""https://www.bloomberg.com/news/articles/2024-01-22/humans-still-cheaper-than-ai-in-vast-majority-of-jobs-mit-finds?sref=P6Q0mxvj"" rel=""noopener noreferrer"" target=""_blank"">new study </a>from the Massachusetts Institute of Technology (MIT) offers a reassuring perspective: most jobs are currently too expensive to automate‚Ä¶</p><p><a href=""https://qz.com/mit-research-jobs-ai-computer-vision-high-cost-1851184898"">Read more...</a></p>"
https://www.foxnews.com/politics/white-house-demands-speaker-johnson-give-biden-authority-funding-secure-border,White House demands Speaker Johnson give Biden 'authority and funding' to 'secure the border',The White House is refuting Speaker Mike Johnson&apos;s argument that the power to fix the border crisis lies with President Biden.
https://www.foxnews.com/politics/us-lawmakers-see-wave-new-bills-aiming-define-antisemitism,US lawmakers see wave of new bills aiming to define antisemitism,"Lawmakers across the U.S. are proposing laws to define antisemitism, sparking debates about free speech and international politics in state legislation."
https://www.foxnews.com/politics/white-house-developers-powerful-ai-systems-report-safety-test-results-government,White House: Developers of ‚Äòpowerful AI systems‚Äô now have to report safety test results to government,"The White House says under a President Biden executive order, companies developing ‚Äúpowerful AI systems&quot; now must report safety test results to the government"
https://www.foxnews.com/politics/red-states-pushing-block-abortion-measures-statewide-ballots-2024-election,Red states pushing to block abortion measures from statewide ballots ahead of 2024 election,"Legislators in Mississippi and Missouri are blocking abortion ballot measures, arguing out-of-state cash cows are running the measures through."
https://www.foxnews.com/politics/new-jersey-democrats-seeking-cover-out-pocket-abortion-costs,New Jersey Democrats seeking to cover out-of-pocket abortion costs,New Jersey Gov. Phil Murphy and the state&apos;s Democrat-led Legislature are proposing a measure to cover out-of-pocket costs for a woman wanting an abortion.
https://www.foxnews.com/politics/nsa-purchases-americans-internet-browsing-data-without-warrants-senator-documents,"NSA purchases Americans' internet browsing data without warrants, senator's documents show","The National Security Agency buys Americans&apos; internet browsing information, including about the websites they visit and the apps they use, without warrants, Sen. Ron Wyden revealed."
https://www.foxnews.com/politics/house-lawmakers-shine-light-how-ai-make-congress-more-efficient,House lawmakers to shine light on how AI can make Congress ‚Äòmore efficient‚Äô,"Artificial Intelligence is being integrated into more and more parts of every day life, including the day-to-day operations of the federal government."
https://www.foxnews.com/politics/trump-aides-sentence-defying-congress-highlights-two-tier-justice-system-observer,Trump aide's sentence for defying Congress highlights 'two-tier' justice system: observer,"Former Trump adviser Peter Navarro has been sentenced to prison for flouting a congressional subpoena, and one legal expert is calling foul on the DOJ for its double standards."
https://www.foxnews.com/politics/vulnerable-house-dem-caught-zoom-call-lamenting-trump-kool-aid-voters-district,Vulnerable House Dem caught on Zoom call lamenting 'Trump Kool-Aid' voters in her district,"Rep. Susan Wild, D-Pa., said she was &quot;dismayed&quot; to find out she would be representing a county that strongly supports Donald Trump after redistricting efforts in the state."
https://www.foxnews.com/politics/republicans-probe-ccp-tied-nonprofit-funneling-money-us-eco-groups,Republicans probe CCP-tied nonprofit funneling money to US eco groups,FIRST ON FOX: The GOP chairs of three House committees are launching a joint investigation into a eco group with ties to China that has funneled money to U.S. climate initiatives.
https://www.foxnews.com/politics/former-green-beret-shreds-criminally-incompetent-biden-stresses-need-more-veterans-congress,"Former Green Beret shreds 'criminally incompetent' Biden, stresses need for more veterans in Congress","Former Green Beret Pat Harrigan, a Republican from North Carolina, ripped President Biden as &quot;criminally incompetent,&quot; and stressed the need for more veterans in Congress."
https://www.foxnews.com/politics/republican-ex-judge-argued-trump-engaged-insurrection-should-removed-illinois-primary-ballot,"Republican ex-judge argued Trump engaged in insurrection, should be removed from Illinois primary ballot",A Republican retired judge is arguing that former President Trump should be removed from Illinois‚Äô primary ballot for engaging in an insurrection in the Jan. 6 US Capitol attacks.
https://www.foxnews.com/politics/brazen-attack-trump-biden-3-us-services-members-killed-iran-backed-militia,'Brazen attack': Trump blasts Biden after 3 US service members killed by Iran-backed militia,Donald Trump lashed out at President Biden and his administration in response to three American troops being killed in a drone strike in Jordan on Sunday.
https://www.foxnews.com/politics/iran-backed-militia-kills-3-us-troops-just-weeks-biden-said-tehran-knows-not-do-anything,Iran-backed militia kills 3 US troops just weeks after Biden said Tehran knows 'not to do anything',President Biden expressed confidence weeks before Iran-backed militia groups killed U.S. troops in Jordan that Iran knew &quot;not to do anything.&quot;
https://www.foxnews.com/politics/haley-blasts-rnc-rushing-trump-nominee-calls-americans-remember-what-normal-felt-like,"Haley blasts RNC for rushing to Trump as nominee, calls on Americans to 'remember what normal felt like'",Nikki Haley ripped the Republican National Committee for siding with former President Donald Trump to be the party&apos;s presidential nominee.
https://www.foxnews.com/politics/illinois-suburb-scraps-migrant-housing-sign-up-sheet-councilmans-viral-proposal-residents,Illinois suburb scraps migrant housing 'sign-up' sheet after councilman‚Äôs viral proposal to residents,"Naperville, an affluent suburb outside Chicago, will not move forward with a sign-up sheet for those residents who wish to house migrants."
https://www.foxnews.com/politics/lankford-cites-election-year-waning-gop-support-border-bill-not-about-letting-5000-people-a-day,Lankford cites 'election year' for waning GOP support on border bill: 'Not about letting 5000 people in a day',"Sen. James Lankford, R-Okla., on Sunday explained why he is moving forward on border bill negotiations despite Republican concern of handing President Biden an election year win."
https://www.foxnews.com/politics/trump-admin-cut-funding-un-agency-now-accused-participating-hamas-attack-reason-rep-mccaul,Trump admin cut funding to UN agency now accused of participating in Hamas attack ‚Äòfor reason‚Äô: Rep. McCaul,Texas Republican Rep. Michael McCaul highlighted on &quot;Fox News Sunday&quot; that former President Trump cut funding to the United Nations Relief and Works Agency during his administration.
https://www.foxnews.com/politics/newsom-claims-biden-border-plan-blames-republicans-standing-way,"Newsom claims Biden has border plan, blames Republicans for standing in the way",Democrats and Republicans continue pointing fingers to blame who is responsible for the crisis at the U.S.-Mexico border involving illegal immigrants.
https://www.foxnews.com/politics/aoc-says-biden-can-do-more-earn-votes-just-attack-trump,AOC says Biden 'can do more' to earn votes than just attack Trump,Rep. Alexandria Ocasio-Cortez called on President Biden to &quot;do more&quot; to earn votes for re-election by offering free education and health care.
https://www.foxnews.com/politics/3-american-troops-killed-25-injured-attack-jordan-base-near-syria-border,"3 American troops killed, 25 injured in attack on Jordan base near Syria border",President Biden blamed &quot;radical Iran-backed militant groups&quot; after three U.S. service members were killed and 25 others were hurt in Jordan near the Syrian border.
https://www.foxnews.com/politics/e-jean-carrolls-claims-against-trump-lifestyle-back-under-spotlight-eye-popping-verdict,"E. Jean Carroll's claims against Trump, lifestyle back under the spotlight after eye-popping verdict",Former President Donald Trump faced his second trial involving former Elle columnist E. Jean Carroll and her accusations he defamed her when she accused him of rape.
https://www.foxnews.com/politics/house-republicans-unveil-articles-impeachment-dhs-sec-mayorkas,House Republicans unveil articles of impeachment against DHS Sec. Mayorkas,"House Republicans released two articles of impeachment against DHS Sec. Alejandro Mayorkas, but the Biden administration argues they are &quot;baseless.&quot;"
https://www.foxnews.com/politics/house-gop-hear-additional-witness-testimony-hunter-biden-business-partners-amid-impeachment-inquiry,House GOP to hear additional witness testimony from Hunter Biden business partners amid impeachment inquiry,"House Republicans plan to hear testimony this week from several additional witnesses who did business with Hunter Biden, as part of the ongoing impeachment inquiry against President Biden."
https://www.foxnews.com/politics/trump-team-made-early-attempts-recruit-rfk-jr-former-presidents-running-mate-report,Trump team made ‚Äòearly on‚Äô attempts to recruit RFK Jr. as former president's running mate: report,People close to Trump reportedly made &quot;preliminary overtures&quot; to Robert F. Kennedy about the possibility of him serving as Trump&apos;s running mate in the 2024 presidential election.
http://www.pbs.org/newshour/bb/xi-jinping-celebrates-chinas-rising-power/,Xi Jinping celebrates China‚Äôs rising power ‚Äî and his own,President Xi Jinping opened China‚Äôs twice-per decade Communist Party Congress on Wednesday hailing the reforms he put in place during his first five-year term and sharing his vision for where he hopes to take the nation. William Brangham reports on the congress as it prepares to announce Xi‚Äôs successor and how new leadership may transform China‚Äôs role as a global economic partner.
http://www.pbs.org/newshour/bb/battle-mosul-hidden-isis-danger-lurk-years/,"The battle for Mosul is over, but this hidden ISIS danger could lurk for years","Iraq may have ousted Islamic States militants from the city of Mosul over the summer, but the major task of finding and destroying the mines, booby traps and bombs remains. A security firm hired by the U.S. and Iraqi workers are making progress to clear major areas, but it could take years or even decades. Special correspondent Marcia Biggs reports on the safety of Mosul after ISIS."
http://www.pbs.org/newshour/rundown/rohingya-refugees-continue-flee-persecution-heres-can-help/,"As Rohingya refugees continue to flee from persecution, here‚Äôs how you can help","More than 500,000 Rohingya Muslims have fled their homes since August to escape systematic violence at the hands of government soldiers in Myanmar. Here's how you can help."
http://www.pbs.org/newshour/rundown/tillerson-heartbreaking-reports-suffering-myanmar/,Tillerson: ‚ÄòHeartbreaking‚Äô reports of suffering in Myanmar,"WASHINGTON ‚Äî Secretary of State Rex Tillerson is condemning reported atrocities committed against Rohingya Muslims in Myanmar, and he says those responsible ‚Äî perhaps the country's military ‚Äî will be held accountable."
http://www.pbs.org/newshour/bb/far-right-groups-gain-ground-sweden-germany-amid-migrant-influx/,Far-right groups gain ground in Sweden and Germany amid migrant influx,"Sunday‚Äôs election in Austria brought victory to 31-year-old Sebastian Kurz, who was elected chancellor on an anti-immigrant platform. Earlier, a strengthened far-right party dealt a blow to returning leader Angela Merkel in Germany‚Äôs election. As Sweden‚Äôs election approaches next year, special correspondent Michael Brabant surveys the changing political landscape in Europe."
http://www.pbs.org/newshour/rundown/u-s-backed-syrian-forces-recapture-raqqa-from-islamic-state-group/,U.S.-backed Syrian forces recapture Raqqa from Islamic State group,U.S.-backed Syrian Democratic Forces announced Tuesday that they had captured the city of Raqqa from Islamic State militants.
http://www.pbs.org/newshour/rundown/watch-live-trump-and-greek-prime-minister-hold-joint-press-conference/,WATCH: Trump and Greek prime minister hold joint news conference,President Donald Trump says the U.S. stands with Greece as they recover from their economic crisis.
http://www.pbs.org/newshour/rundown/u-s-japan-agree-maximize-diplomatic-pressure-north-korea/,"U.S., Japan agree to maximize diplomatic pressure on North Korea","TOKYO ‚Äî U.S. and Japanese diplomats agreed Tuesday to maximize pressure on North Korea to resolve tensions over its nuclear program, while citing the need to be prepared for the worst if diplomacy fails."
http://www.pbs.org/newshour/bb/news-wrap-dozens-missing-deadly-mogadishu-truck-bombing/,News Wrap: Dozens missing after deadly Mogadishu truck bombing,"In our news wrap Monday, more than 300 people are confirmed dead and nearly 400 wounded after Saturday‚Äôs massive truck bombing in Somalia‚Äôs capital Mogadishu. The government blamed the al-Qaida-linked group al-Shabab. Also, 31-year-old conservative Sebastian Kurz is set to become the Austria‚Äôs next leader in another shift to the right in European politics."
http://www.pbs.org/newshour/bb/power-struggle-broken-kirkuk/,Why a power struggle has broken out over Kirkuk,"Two vital American allies have reignited their rivalry in Iraq. After months of simmering tensions, national military forces and militia moved to push Kurdish forces out of the disputed city of Kirkuk. Three weeks ago, the Kurds held a referendum to split from Iraq. Lisa Desjardins reports and Judy Woodruff talks with Emma Sky of Yale University and Feisal Istrabadi of Indiana University."
http://www.pbs.org/newshour/rundown/rex-tillerson-says-continue-diplomacy-north-korea-first-bomb-drops/,Rex Tillerson says continue diplomacy with North Korea ‚Äòuntil first bomb drops‚Äô,"That statement comes despite President Donald Trump's tweets a couple of weeks ago that his chief envoy was ""wasting his time"" trying to negotiate with ""Little Rocket Man,"" a mocking nickname Trump has given the nuclear-armed nation's leader, Kim Jong Un."
http://www.pbs.org/newshour/bb/iraqi-kurdish-forces-standoff-weeks-kurdish-vote-independence/,"Iraqi, Kurdish forces in standoff, weeks after Kurdish vote for independence","Iraqi army and Kurdish troops are in a standoff in Kirkuk, a city located in the Kurdistan region, which voted for independence from Iraq last month. Kirkuk holds 10 percent of Iraq‚Äôs oil reserves. Washington Post reporter Loveday Morris, who is covering the standoff, joins Hari Sreenivasan via Skype from Baghdad."
http://www.pbs.org/newshour/bb/south-sudan-civil-war-causes-africas-worst-refugee-crisis/,South Sudan civil war causes Africa‚Äôs worst refugee crisis,"South Sudan‚Äôs four-year civil war has left half of the nation‚Äôs population, 6 million people, in need of humanitarian aid and caused one of the world‚Äôs worst refugee crises. With support from the U.S. Holocaust Memorial Museum‚Äôs Center for the Prevention of Genocide, NewsHour Weekend Special Correspondent Simona Foltyn and journalist Jason Patinkin traveled to Uganda to meet people desperate for asylum."
http://www.pbs.org/newshour/rundown/hundreds-dead-massive-truck-bomb-strikes-mogadishu/,Hundreds dead after massive truck bomb strikes Mogadishu,At least 231 people were killed and hundreds more wounded after a massive truck bomb on Saturday struck Somalia's capital city of Mogadishu.
http://www.pbs.org/newshour/updates/reporters-notebook-reporting-south-sudan-difficult-critically-needed/,Column: Why reporting from South Sudan is so difficult ‚Äî and critically needed,"The war has had a devastating impact on South Sudanese communities, but much of it has remained out of the limelight of international media."
https://www.bbc.co.uk/news/world-asia-india-68090708?at_medium=RSS&at_campaign=KARANGA,Haji Malang: The Sufi shrine caught up in a religious row in Mumbai,Both Hindus and Muslims visit the Haji Malang shrine in Mumbai - but a controversy has shaken some devotees.
https://www.bbc.co.uk/sport/cricket/68127753?at_medium=RSS&at_campaign=KARANGA,India vs England: KL Rahul and Ravindra Jadeja to miss second Test,India all-rounder Ravindra Jadeja and batter KL Rahul have been ruled out of the second Test against England.
https://www.bbc.co.uk/news/world-us-canada-68038175?at_medium=RSS&at_campaign=KARANGA,Why is Canada so vulnerable to foreign meddling?,A public inquiry launching on Monday could be a reckoning in the country on national security matters.
https://www.bbc.co.uk/news/uk-england-birmingham-68121754?at_medium=RSS&at_campaign=KARANGA,UK MPs to meet security minister over safety of Sikhs,"A cross-party group of MPs is to meet with the security minister on Tuesday, an MP says."
https://www.bbc.co.uk/news/world-asia-india-68053470?at_medium=RSS&at_campaign=KARANGA,Moti Mahal: India curry houses battle over butter chicken,Butter chicken - a curry popular around the world - is now in the middle of a court battle in India.
https://www.bbc.co.uk/news/world-asia-india-67799316?at_medium=RSS&at_campaign=KARANGA,Tamil Nadu: Chennai‚Äôs 'last Jew' fights for place in India‚Äôs history,Davvid Levi has been documenting the history of his family and that of other Jews in India's Chennai city.
https://www.bbc.co.uk/news/world-asia-india-68091822?at_medium=RSS&at_campaign=KARANGA,India calls Pakistan's claim of targeted killings 'false',Islamabad on Thursday accused India of killing two of its citizens on its soil in 2023.
https://www.bbc.co.uk/sport/tennis/68078338?at_medium=RSS&at_campaign=KARANGA,"Bopanna, 43, becomes oldest tennis world number one",Rohan Bopanna becomes the oldest tennis world number one aged 43 after he and Matthew Ebden reach the Australian Open doubles semi-finals.
https://www.bbc.co.uk/news/world-asia-india-68066261?at_medium=RSS&at_campaign=KARANGA,Watch: Crowds at India's new Ram temple in Ayodhya day after opening,The grand temple dedicated to the Hindu God Ram was inaugurated by Prime Minister Narendra Modi on Monday.
https://www.bbc.co.uk/news/world-asia-india-68003095?at_medium=RSS&at_campaign=KARANGA,Ayodhya Ram Mandir: India PM Modi inaugurates Hindu temple on razed Babri mosque site,"The rituals were led by PM Narendra Modi, while opposition leaders and some Hindu seers stayed away."
https://www.bbc.co.uk/news/world-asia-india-68053468?at_medium=RSS&at_campaign=KARANGA,Watch: Indian PM Modi inaugurates temple in Ayodhya,The opening of the grand temple comes ahead of India's general elections.
https://www.bbc.co.uk/sport/cricket/68123032?at_medium=RSS&at_campaign=KARANGA,India v England: 'Hyderabad Heist shows England are unmissable',"The astonishing victory over India in Hyderabad shows why you cannot take your eyes off the England Test team, says Stephan Shemilt."
https://www.bbc.co.uk/sport/tennis/68117965?at_medium=RSS&at_campaign=KARANGA,Rohan Bopanna: 'Age is just a number',"India's Rohan Bopanna, 43, becomes the oldest men's doubles Grand Slam champion with victory at the Australian Open."
https://www.bbc.co.uk/news/world-asia-india-68091821?at_medium=RSS&at_campaign=KARANGA,Women take the lead in Republic Day parade,"Every year, the country celebrates the day its constitution came into effect with a grand spectacle."
https://www.bbc.co.uk/news/world-asia-india-67980484?at_medium=RSS&at_campaign=KARANGA,Umar Khalid: Indian activist languishes in jail without bail or trial,"Umar Khalid, who was arrested three years ago for alleged involvement in riots, is still waiting for a trial."
https://www.bbc.co.uk/news/world-asia-india-67942639?at_medium=RSS&at_campaign=KARANGA,Adani Ports: The Tamil Nadu villagers taking on a billionaire's port plan,Locals in 100 villages of Tamil Nadu state are fighting the expansion of a port owned by Gautam Adani.
https://www.bbc.co.uk/sport/cricket/68069988?at_medium=RSS&at_campaign=KARANGA,"India v England: Relaxed, fit tourists look for series win for the ages","England's record in India is better than most, but merely staying competitive will be a fine achievement, writes Stephan Shemilt."
https://www.bbc.co.uk/news/world-asia-india-68030712?at_medium=RSS&at_campaign=KARANGA,Ayodhya: Temple to open at India‚Äôs religious fault-line,The new temple in Ayodhya has stirred up memories for the community caught up in 1992's violence.
https://www.bbc.co.uk/news/world-asia-india-68015106?at_medium=RSS&at_campaign=KARANGA,Kashmir's rare snowless winter sets off alarm bells,Experts say that the absence of snowfall this winter will lead to water scarcity and derail the economy.
https://www.bbc.co.uk/news/world-asia-india-67911165?at_medium=RSS&at_campaign=KARANGA,Lakshadweep: Can India's 'alternative Maldives' handle mass tourism?,Indian PM Modi's recent visit to Lakshadweep could spark a tourist surge - but is the island chain ready?
https://www.bbc.co.uk/news/world-asia-india-68027147?at_medium=RSS&at_campaign=KARANGA,Gujarat boat capsize victims 'not given life jackets',Parents of students who died after a boat capsized in India's Gujarat state allege negligence by authorities.
https://www.bbc.co.uk/news/world-asia-india-67911170?at_medium=RSS&at_campaign=KARANGA,What Rahul Gandhi's march means for India election,"The Congress leader's cross-country march began with hope, but analysts doubt its electoral impact."
https://www.bbc.co.uk/news/world-asia-india-67943375?at_medium=RSS&at_campaign=KARANGA,Agatha Christie: The Indian hotel murder that inspired the queen of crime,"The sensational case, which made global headlines, is said to have influenced Christie's first book."
https://www.bbc.co.uk/news/world-asia-india-67889621?at_medium=RSS&at_campaign=KARANGA,Bengaluru: Why English is dividing people in India's Silicon Valley,Kannada-language protesters recently hit the headlines for tearing down English billboards in Bengaluru.
https://www.bbc.co.uk/news/world-asia-india-67860456?at_medium=RSS&at_campaign=KARANGA,Bihar men conned by 'impregnating women' job scam,Scammers in Bihar state promised to pay huge sums of money to men to get childless women pregnant.
https://www.bbc.co.uk/news/world-asia-india-67942642?at_medium=RSS&at_campaign=KARANGA,Maldives: Maldivians debate India's 'boycott' of their nation,Tensions have escalated after three Maldivian ministers made derogatory comments about India's PM Modi.
https://www.bbc.co.uk/news/world-asia-india-67843833?at_medium=RSS&at_campaign=KARANGA,Plane gets jammed under bridge in India,The scrap fuselage was on its way to Assam from Mumbai on a lorry when it got stuck.
https://www.bbc.co.uk/news/world-asia-india-67700660?at_medium=RSS&at_campaign=KARANGA,Intruder jumps on table in Indian parliament,Lawmakers said two men jumped into the well of the house from the visitors' gallery.
https://www.bbc.co.uk/news/world-asia-india-67552409?at_medium=RSS&at_campaign=KARANGA,Moment worker is pulled from collapsed tunnel,Fourty-one Indian workers are finally rescued from a tunnel that partially caved in after a landslide.
https://www.bbc.co.uk/news/world-asia-india-67482786?at_medium=RSS&at_campaign=KARANGA,First video of trapped tunnel workers in India,Rescuers have shared a video of the 41 workers who have been trapped inside a tunnel since 12 November.
https://www.bbc.co.uk/news/world-asia-india-67258761?at_medium=RSS&at_campaign=KARANGA,Andhra Pradesh: Drone footage shows aftermath of deadly India train crash,"A preliminary investigation has found that ""human error"" led to the collision, officials say."
https://www.bbc.co.uk/news/world-67015721?at_medium=RSS&at_campaign=KARANGA,India flash floods: More than 100 missing in Sikkim state,Hundreds of search and rescue officers have been deployed across the state of Sikkim.
